Order ID,Product,Category,Quantity,Unit Price,Total Price,Date,Customer,Region
ORD0001,Keyboard,Accessories,7,823.34,5763.38,2023-03-11,Customer_5,North
ORD0002,Monitor,Electronics,1,402.82,402.82,2023-04-14,Customer_87,South
ORD0003,Mouse,Accessories,2,343.53,687.06,2023-09-10,Customer_97,South
ORD0004,Tablet,Electronics,6,652.48,3914.88,2023-02-08,Customer_26,East
ORD0005,Keyboard,Accessories,10,579.41,5794.1,2023-06-30,Customer_78,South
ORD0006,Monitor,Electronics,5,1130.32,5651.6,2023-08-21,Customer_11,South
ORD0007,Laptop,Electronics,9,614.52,5530.68,2023-06-19,Customer_12,West
ORD0008,Laptop,Electronics,8,504.45,4035.6,2023-10-26,Customer_61,West
ORD0009,Headphones,Accessories,4,466.82,1867.28,2023-04-05,Customer_7,East
ORD0010,Smartphone,Electronics,1,1018.02,1018.02,2023-05-27,Customer_35,East
ORD0011,Mouse,Accessories,9,799.99,7199.91,2023-03-13,Customer_43,North
ORD0012,Monitor,Electronics,7,56.37,394.59,2023-10-30,Customer_59,South
ORD0013,Tablet,Electronics,1,879.72,879.72,2023-04-22,Customer_68,East
ORD0014,Mouse,Accessories,1,1345.55,1345.55,2023-12-23,Customer_72,East
ORD0015,Tablet,Electronics,7,803.19,5622.33,2023-02-28,Customer_86,West
ORD0016,Monitor,Electronics,7,867.86,6075.02,2023-12-27,Customer_51,East
ORD0017,Keyboard,Accessories,10,305.8,3058.0,2023-12-30,Customer_54,East
ORD0018,Laptop,Electronics,8,693.44,5547.52,2023-12-09,Customer_68,South
ORD0019,Mouse,Accessories,7,100.91,706.37,2023-02-02,Customer_71,East
ORD0020,Tablet,Electronics,2,1241.09,2482.18,2023-01-20,Customer_14,East
ORD0021,Headphones,Accessories,6,1211.67,7270.02,2023-02-18,Customer_41,North
ORD0022,Mouse,Accessories,2,1170.43,2340.86,2023-07-05,Customer_54,West
ORD0023,Headphones,Accessories,10,764.89,7648.9,2023-11-17,Customer_15,North
ORD0024,Smartphone,Electronics,2,1065.39,2130.78,2023-10-20,Customer_3,North
ORD0025,Mouse,Accessories,9,1301.18,11710.62,2023-11-07,Customer_17,South
ORD0026,Tablet,Electronics,3,500.18,1500.54,2023-02-09,Customer_67,North
ORD0027,Keyboard,Accessories,3,1288.7,3866.1,2023-09-21,Customer_90,South
ORD0028,Smartphone,Electronics,5,396.19,1980.95,2023-06-02,Customer_65,North
ORD0029,Smartphone,Electronics,6,82.25,493.5,2023-01-24,Customer_76,West
ORD0030,Monitor,Electronics,8,768.02,6144.16,2023-08-01,Customer_21,South
ORD0031,Smartphone,Electronics,9,584.08,5256.72,2023-11-07,Customer_90,South
ORD0032,Monitor,Electronics,9,1293.66,11642.94,2023-06-20,Customer_95,East
ORD0033,Mouse,Accessories,7,614.54,4301.78,2023-01-02,Customer_70,East
ORD0034,Headphones,Accessories,4,1277.71,5110.84,2023-06-10,Customer_12,South
ORD0035,Mouse,Accessories,9,458.94,4130.46,2023-11-08,Customer_24,East
ORD0036,Monitor,Electronics,3,137.11,411.33,2023-10-21,Customer_24,West
ORD0037,Headphones,Accessories,5,1235.97,6179.85,2023-04-10,Customer_21,South
ORD0038,Mouse,Accessories,6,1289.81,7738.86,2023-07-24,Customer_1,North
ORD0039,Headphones,Accessories,8,1324.7,10597.6,2023-07-03,Customer_4,North
ORD0040,Keyboard,Accessories,1,592.96,592.96,2023-07-06,Customer_33,East
ORD0041,Smartphone,Electronics,1,263.82,263.82,2023-04-14,Customer_39,South
ORD0042,Laptop,Electronics,6,44.67,268.02,2023-11-27,Customer_25,South
ORD0043,Laptop,Electronics,3,1159.39,3478.17,2023-07-21,Customer_90,North
ORD0044,Tablet,Electronics,8,1077.55,8620.4,2023-04-29,Customer_45,South
ORD0045,Tablet,Electronics,8,1394.37,11154.96,2023-06-27,Customer_30,South
ORD0046,Mouse,Accessories,8,356.59,2852.72,2023-05-09,Customer_24,West
ORD0047,Smartphone,Electronics,5,1460.16,7300.8,2023-08-18,Customer_21,South
ORD0048,Keyboard,Accessories,8,788.4,6307.2,2023-04-08,Customer_43,West
ORD0049,Keyboard,Accessories,2,687.57,1375.14,2023-10-27,Customer_20,South
ORD0050,Monitor,Electronics,5,1075.04,5375.2,2023-06-20,Customer_29,West
ORD0051,Tablet,Electronics,8,254.86,2038.88,2023-05-21,Customer_49,East
ORD0052,Headphones,Accessories,2,1470.74,2941.48,2023-03-27,Customer_82,South
ORD0053,Keyboard,Accessories,9,844.44,7599.96,2023-07-15,Customer_12,West
ORD0054,Headphones,Accessories,10,1292.02,12920.2,2023-12-27,Customer_58,North
ORD0055,Laptop,Electronics,5,689.85,3449.25,2023-12-11,Customer_34,North
ORD0056,Tablet,Electronics,8,1120.6,8964.8,2023-04-27,Customer_52,North
ORD0057,Tablet,Electronics,9,328.88,2959.92,2023-06-27,Customer_64,West
ORD0058,Smartphone,Electronics,2,1132.61,2265.22,2023-02-05,Customer_58,North
ORD0059,Laptop,Electronics,3,993.73,2981.19,2023-02-03,Customer_71,South
ORD0060,Smartphone,Electronics,3,202.44,607.32,2023-10-08,Customer_9,West
ORD0061,Keyboard,Accessories,2,1353.69,2707.38,2023-04-17,Customer_61,West
ORD0062,Keyboard,Accessories,8,795.29,6362.32,2023-06-22,Customer_6,North
ORD0063,Laptop,Electronics,2,1107.99,2215.98,2023-10-28,Customer_91,East
ORD0064,Headphones,Accessories,9,408.66,3677.94,2023-01-23,Customer_76,East
ORD0065,Monitor,Electronics,10,1344.09,13440.9,2023-12-14,Customer_34,South
ORD0066,Tablet,Electronics,10,1167.63,11676.3,2023-09-09,Customer_87,East
ORD0067,Smartphone,Electronics,1,1042.94,1042.94,2023-03-15,Customer_87,South
ORD0068,Tablet,Electronics,1,63.78,63.78,2023-10-08,Customer_4,South
ORD0069,Mouse,Accessories,1,1322.0,1322.0,2023-09-30,Customer_31,North
ORD0070,Keyboard,Accessories,9,1348.04,12132.36,2023-01-30,Customer_88,East
ORD0071,Laptop,Electronics,2,741.4,1482.8,2023-05-01,Customer_4,East
ORD0072,Monitor,Electronics,7,1238.66,8670.62,2023-11-30,Customer_9,East
ORD0073,Smartphone,Electronics,10,1171.29,11712.9,2023-09-16,Customer_65,West
ORD0074,Headphones,Accessories,3,348.08,1044.24,2023-07-01,Customer_95,East
ORD0075,Laptop,Electronics,3,1288.54,3865.62,2023-10-12,Customer_81,West
ORD0076,Laptop,Electronics,4,1458.04,5832.16,2023-12-03,Customer_16,East
ORD0077,Keyboard,Accessories,5,1403.05,7015.25,2023-07-26,Customer_53,North
ORD0078,Tablet,Electronics,7,1409.63,9867.41,2023-07-31,Customer_97,East
ORD0079,Smartphone,Electronics,5,887.8,4439.0,2023-06-07,Customer_51,East
ORD0080,Keyboard,Accessories,2,1181.55,2363.1,2023-11-14,Customer_13,North
ORD0081,Mouse,Accessories,4,1278.25,5113.0,2023-02-11,Customer_99,North
ORD0082,Mouse,Accessories,3,1107.16,3321.48,2023-09-01,Customer_91,West
ORD0083,Headphones,Accessories,1,271.74,271.74,2023-02-06,Customer_17,East
ORD0084,Mouse,Accessories,6,868.06,5208.36,2023-09-01,Customer_43,East
ORD0085,Headphones,Accessories,2,625.62,1251.24,2023-06-11,Customer_76,East
ORD0086,Laptop,Electronics,9,737.31,6635.79,2023-06-07,Customer_65,West
ORD0087,Tablet,Electronics,3,802.85,2408.55,2023-09-17,Customer_96,East
ORD0088,Headphones,Accessories,8,1280.05,10240.4,2023-08-06,Customer_67,South
ORD0089,Laptop,Electronics,1,941.24,941.24,2023-04-27,Customer_86,South
ORD0090,Laptop,Electronics,10,708.89,7088.9,2023-04-04,Customer_23,West
ORD0091,Tablet,Electronics,8,519.72,4157.76,2023-03-02,Customer_79,North
ORD0092,Monitor,Electronics,2,1469.32,2938.64,2023-02-07,Customer_46,West
ORD0093,Mouse,Accessories,4,372.37,1489.48,2023-12-26,Customer_54,North
ORD0094,Monitor,Electronics,9,933.28,8399.52,2023-11-29,Customer_74,North
ORD0095,Mouse,Accessories,7,627.12,4389.84,2023-11-17,Customer_78,North
ORD0096,Tablet,Electronics,1,140.99,140.99,2023-12-06,Customer_95,North
ORD0097,Mouse,Accessories,3,1271.71,3815.13,2023-01-13,Customer_90,South
ORD0098,Mouse,Accessories,4,1360.06,5440.24,2023-07-13,Customer_64,West
ORD0099,Tablet,Electronics,9,620.21,5581.89,2023-04-20,Customer_47,East
ORD0100,Mouse,Accessories,6,134.59,807.54,2023-08-20,Customer_91,West
ORD0101,Headphones,Accessories,9,707.36,6366.24,2023-01-23,Customer_58,South
ORD0102,Monitor,Electronics,3,836.56,2509.68,2023-12-05,Customer_98,West
ORD0103,Monitor,Electronics,6,91.57,549.42,2023-06-30,Customer_72,East
ORD0104,Laptop,Electronics,8,1103.59,8828.72,2023-01-26,Customer_48,East
ORD0105,Monitor,Electronics,2,947.17,1894.34,2023-08-06,Customer_9,East
ORD0106,Laptop,Electronics,10,1113.94,11139.4,2023-11-01,Customer_13,North
ORD0107,Mouse,Accessories,7,65.64,459.48,2023-08-06,Customer_58,North
ORD0108,Mouse,Accessories,4,800.34,3201.36,2023-12-01,Customer_44,East
ORD0109,Monitor,Electronics,4,1256.56,5026.24,2023-05-05,Customer_73,West
ORD0110,Tablet,Electronics,9,112.15,1009.35,2023-12-10,Customer_24,North
ORD0111,Headphones,Accessories,7,82.14,574.98,2023-10-26,Customer_73,South
ORD0112,Monitor,Electronics,5,1380.05,6900.25,2023-04-09,Customer_66,North
ORD0113,Keyboard,Accessories,2,911.03,1822.06,2023-07-25,Customer_35,West
ORD0114,Monitor,Electronics,8,888.71,7109.68,2023-11-08,Customer_77,West
ORD0115,Keyboard,Accessories,1,957.09,957.09,2023-11-22,Customer_55,South
ORD0116,Headphones,Accessories,10,1346.67,13466.7,2023-02-01,Customer_60,South
ORD0117,Monitor,Electronics,5,240.88,1204.4,2023-12-25,Customer_57,South
ORD0118,Tablet,Electronics,1,132.31,132.31,2023-04-26,Customer_92,East
ORD0119,Monitor,Electronics,2,924.94,1849.88,2023-10-04,Customer_62,South
ORD0120,Monitor,Electronics,3,291.64,874.92,2023-12-20,Customer_13,North
ORD0121,Mouse,Accessories,4,486.95,1947.8,2023-03-31,Customer_37,North
ORD0122,Keyboard,Accessories,2,145.7,291.4,2023-10-30,Customer_97,North
ORD0123,Smartphone,Electronics,8,1239.05,9912.4,2023-11-19,Customer_67,South
ORD0124,Keyboard,Accessories,10,722.3,7223.0,2023-04-17,Customer_9,South
ORD0125,Laptop,Electronics,5,378.33,1891.65,2023-01-30,Customer_60,West
ORD0126,Tablet,Electronics,6,160.18,961.08,2023-04-04,Customer_96,North
ORD0127,Headphones,Accessories,9,282.72,2544.48,2023-08-01,Customer_46,North
ORD0128,Keyboard,Accessories,3,63.18,189.54,2023-11-10,Customer_51,South
ORD0129,Monitor,Electronics,6,1322.61,7935.66,2023-08-09,Customer_98,West
ORD0130,Monitor,Electronics,6,455.43,2732.58,2023-11-21,Customer_42,South
ORD0131,Tablet,Electronics,7,1360.88,9526.16,2023-10-09,Customer_41,East
ORD0132,Keyboard,Accessories,9,696.8,6271.2,2023-11-22,Customer_36,East
ORD0133,Tablet,Electronics,10,1418.24,14182.4,2023-07-20,Customer_79,East
ORD0134,Mouse,Accessories,3,386.35,1159.05,2023-04-18,Customer_37,South
ORD0135,Tablet,Electronics,4,585.93,2343.72,2023-12-17,Customer_75,South
ORD0136,Laptop,Electronics,7,15.75,110.25,2023-05-11,Customer_90,South
ORD0137,Tablet,Electronics,8,643.45,5147.6,2023-08-04,Customer_26,East
ORD0138,Mouse,Accessories,3,1234.07,3702.21,2023-03-18,Customer_2,South
ORD0139,Smartphone,Electronics,3,408.85,1226.55,2023-08-06,Customer_39,West
ORD0140,Monitor,Electronics,2,718.18,1436.36,2023-06-11,Customer_36,East
ORD0141,Monitor,Electronics,5,343.0,1715.0,2023-03-14,Customer_16,West
ORD0142,Monitor,Electronics,9,1378.37,12405.33,2023-10-16,Customer_74,North
ORD0143,Monitor,Electronics,1,148.32,148.32,2023-12-03,Customer_37,West
ORD0144,Tablet,Electronics,9,523.25,4709.25,2023-06-25,Customer_30,East
ORD0145,Monitor,Electronics,1,198.53,198.53,2023-01-29,Customer_55,East
ORD0146,Laptop,Electronics,3,363.83,1091.49,2023-11-26,Customer_87,North
ORD0147,Smartphone,Electronics,3,1148.17,3444.51,2024-01-01,Customer_84,West
ORD0148,Smartphone,Electronics,2,622.66,1245.32,2023-08-14,Customer_53,North
ORD0149,Tablet,Electronics,9,577.45,5197.05,2023-12-26,Customer_44,South
ORD0150,Keyboard,Accessories,6,1040.06,6240.36,2023-12-25,Customer_55,South
ORD0151,Laptop,Electronics,1,1493.72,1493.72,2023-10-10,Customer_90,East
ORD0152,Laptop,Electronics,7,1265.46,8858.22,2023-08-12,Customer_28,West
ORD0153,Keyboard,Accessories,3,708.84,2126.52,2023-03-11,Customer_8,South
ORD0154,Laptop,Electronics,6,211.4,1268.4,2023-07-23,Customer_47,East
ORD0155,Monitor,Electronics,3,354.63,1063.89,2023-09-26,Customer_100,North
ORD0156,Tablet,Electronics,2,36.25,72.5,2023-04-21,Customer_73,East
ORD0157,Smartphone,Electronics,3,846.99,2540.97,2023-02-14,Customer_56,West
ORD0158,Keyboard,Accessories,10,467.1,4671.0,2023-11-29,Customer_61,East
ORD0159,Headphones,Accessories,4,1315.19,5260.76,2023-03-21,Customer_61,East
ORD0160,Laptop,Electronics,10,1207.21,12072.1,2023-04-13,Customer_61,East
ORD0161,Laptop,Electronics,1,350.69,350.69,2023-09-18,Customer_34,South
ORD0162,Headphones,Accessories,7,159.49,1116.43,2023-01-20,Customer_32,East
ORD0163,Tablet,Electronics,4,96.74,386.96,2023-12-09,Customer_49,South
ORD0164,Tablet,Electronics,1,510.24,510.24,2023-02-01,Customer_64,South
ORD0165,Smartphone,Electronics,7,1170.81,8195.67,2023-01-06,Customer_93,South
ORD0166,Monitor,Electronics,5,168.68,843.4,2023-09-30,Customer_7,East
ORD0167,Headphones,Accessories,3,705.94,2117.82,2023-03-03,Customer_32,South
ORD0168,Headphones,Accessories,10,1051.59,10515.9,2023-01-19,Customer_30,South
ORD0169,Monitor,Electronics,6,308.28,1849.68,2023-11-04,Customer_92,South
ORD0170,Keyboard,Accessories,4,1348.46,5393.84,2023-09-21,Customer_40,East
ORD0171,Headphones,Accessories,3,650.3,1950.9,2023-01-09,Customer_29,East
ORD0172,Monitor,Electronics,7,904.77,6333.39,2023-05-05,Customer_47,North
ORD0173,Smartphone,Electronics,8,10.38,83.04,2023-02-05,Customer_91,East
ORD0174,Monitor,Electronics,7,1277.33,8941.31,2023-06-05,Customer_89,North
ORD0175,Smartphone,Electronics,9,1126.25,10136.25,2023-07-31,Customer_34,East
ORD0176,Tablet,Electronics,4,29.13,116.52,2023-07-21,Customer_43,West
ORD0177,Laptop,Electronics,4,947.86,3791.44,2023-11-05,Customer_64,East
ORD0178,Laptop,Electronics,5,1393.0,6965.0,2023-12-13,Customer_26,East
ORD0179,Headphones,Accessories,10,1076.91,10769.1,2023-08-21,Customer_43,East
ORD0180,Mouse,Accessories,4,1347.44,5389.76,2023-04-29,Customer_56,West
ORD0181,Smartphone,Electronics,10,207.71,2077.1,2023-05-27,Customer_95,South
ORD0182,Monitor,Electronics,7,565.74,3960.18,2023-07-07,Customer_6,East
ORD0183,Mouse,Accessories,3,283.46,850.38,2024-01-01,Customer_12,East
ORD0184,Tablet,Electronics,8,234.21,1873.68,2023-04-13,Customer_39,East
ORD0185,Mouse,Accessories,4,658.55,2634.2,2023-09-10,Customer_92,East
ORD0186,Monitor,Electronics,3,1037.27,3111.81,2023-01-18,Customer_23,West
ORD0187,Smartphone,Electronics,1,1062.16,1062.16,2023-03-22,Customer_35,South
ORD0188,Headphones,Accessories,5,182.75,913.75,2023-06-26,Customer_43,North
ORD0189,Monitor,Electronics,2,106.23,212.46,2023-05-20,Customer_7,West
ORD0190,Monitor,Electronics,9,140.6,1265.4,2023-08-03,Customer_4,West
ORD0191,Smartphone,Electronics,5,264.52,1322.6,2023-08-02,Customer_87,East
ORD0192,Laptop,Electronics,10,870.45,8704.5,2023-08-22,Customer_84,South
ORD0193,Laptop,Electronics,6,794.02,4764.12,2023-09-09,Customer_10,West
ORD0194,Laptop,Electronics,9,1301.14,11710.26,2023-03-01,Customer_61,West
ORD0195,Mouse,Accessories,9,1026.87,9241.83,2023-05-14,Customer_100,South
ORD0196,Monitor,Electronics,5,281.77,1408.85,2023-11-30,Customer_50,West
ORD0197,Smartphone,Electronics,2,1282.17,2564.34,2023-12-09,Customer_61,West
ORD0198,Keyboard,Accessories,3,990.76,2972.28,2023-12-28,Customer_86,South
ORD0199,Monitor,Electronics,2,860.66,1721.32,2023-10-28,Customer_1,East
ORD0200,Smartphone,Electronics,4,628.04,2512.16,2023-01-06,Customer_23,West
ORD0201,Monitor,Electronics,9,1337.04,12033.36,2023-01-22,Customer_11,North
ORD0202,Keyboard,Accessories,3,136.74,410.22,2023-06-11,Customer_4,West
ORD0203,Keyboard,Accessories,6,314.7,1888.2,2023-03-17,Customer_61,North
ORD0204,Headphones,Accessories,2,656.92,1313.84,2023-05-09,Customer_38,North
ORD0205,Tablet,Electronics,8,1375.82,11006.56,2023-02-09,Customer_8,North
ORD0206,Headphones,Accessories,1,1337.75,1337.75,2023-03-24,Customer_64,East
ORD0207,Tablet,Electronics,9,180.06,1620.54,2023-06-08,Customer_89,East
ORD0208,Headphones,Accessories,2,20.18,40.36,2023-04-23,Customer_53,South
ORD0209,Monitor,Electronics,6,139.03,834.18,2023-07-01,Customer_45,West
ORD0210,Mouse,Accessories,7,549.83,3848.81,2023-06-12,Customer_81,North
ORD0211,Smartphone,Electronics,1,317.93,317.93,2023-09-15,Customer_100,South
ORD0212,Mouse,Accessories,4,812.31,3249.24,2023-02-07,Customer_51,East
ORD0213,Mouse,Accessories,7,1144.74,8013.18,2023-04-19,Customer_85,East
ORD0214,Monitor,Electronics,4,1346.62,5386.48,2023-06-29,Customer_6,West
ORD0215,Monitor,Electronics,4,94.08,376.32,2023-04-22,Customer_47,West
ORD0216,Keyboard,Accessories,10,874.23,8742.3,2023-01-11,Customer_73,North
ORD0217,Headphones,Accessories,7,1175.34,8227.38,2023-07-30,Customer_2,South
ORD0218,Monitor,Electronics,1,451.55,451.55,2023-10-31,Customer_6,North
ORD0219,Keyboard,Accessories,7,1141.93,7993.51,2023-03-27,Customer_46,North
ORD0220,Tablet,Electronics,6,122.68,736.08,2023-11-29,Customer_34,East
ORD0221,Monitor,Electronics,5,1162.89,5814.45,2023-06-11,Customer_45,North
ORD0222,Smartphone,Electronics,5,1419.83,7099.15,2023-03-12,Customer_51,East
ORD0223,Laptop,Electronics,4,1164.76,4659.04,2023-04-04,Customer_84,North
ORD0224,Laptop,Electronics,8,604.69,4837.52,2023-11-21,Customer_42,East
ORD0225,Tablet,Electronics,3,591.9,1775.7,2023-05-12,Customer_78,East
ORD0226,Keyboard,Accessories,5,187.31,936.55,2023-01-30,Customer_52,East
ORD0227,Smartphone,Electronics,5,1376.59,6882.95,2023-07-20,Customer_74,West
ORD0228,Laptop,Electronics,10,1480.29,14802.9,2023-05-31,Customer_67,West
ORD0229,Monitor,Electronics,9,895.96,8063.64,2023-08-17,Customer_17,West
ORD0230,Monitor,Electronics,6,1454.96,8729.76,2023-09-13,Customer_32,North
ORD0231,Headphones,Accessories,6,1189.34,7136.04,2023-10-23,Customer_7,North
ORD0232,Smartphone,Electronics,2,909.04,1818.08,2023-02-01,Customer_88,North
ORD0233,Laptop,Electronics,2,358.48,716.96,2023-03-23,Customer_17,North
ORD0234,Monitor,Electronics,4,693.3,2773.2,2023-10-20,Customer_26,East
ORD0235,Smartphone,Electronics,10,557.12,5571.2,2023-07-22,Customer_66,West
ORD0236,Monitor,Electronics,10,1190.8,11908.0,2023-07-30,Customer_48,North
ORD0237,Monitor,Electronics,6,660.12,3960.72,2023-02-27,Customer_34,West
ORD0238,Tablet,Electronics,3,26.66,79.98,2023-03-29,Customer_55,West
ORD0239,Laptop,Electronics,3,794.8,2384.4,2023-11-10,Customer_44,West
ORD0240,Mouse,Accessories,5,350.97,1754.85,2023-05-16,Customer_55,East
ORD0241,Keyboard,Accessories,4,1225.74,4902.96,2023-01-02,Customer_73,East
ORD0242,Mouse,Accessories,7,1051.16,7358.12,2023-03-27,Customer_1,North
ORD0243,Mouse,Accessories,2,819.65,1639.3,2023-01-16,Customer_65,South
ORD0244,Tablet,Electronics,4,1385.87,5543.48,2023-03-15,Customer_69,South
ORD0245,Smartphone,Electronics,4,1472.75,5891.0,2023-11-26,Customer_45,South
ORD0246,Monitor,Electronics,8,687.91,5503.28,2023-07-24,Customer_67,South
ORD0247,Laptop,Electronics,9,287.42,2586.78,2023-03-02,Customer_70,North
ORD0248,Smartphone,Electronics,6,55.01,330.06,2023-11-20,Customer_85,South
ORD0249,Smartphone,Electronics,6,1468.52,8811.12,2023-02-16,Customer_61,South
ORD0250,Monitor,Electronics,9,1305.0,11745.0,2023-06-23,Customer_40,South
ORD0251,Headphones,Accessories,5,1174.1,5870.5,2023-06-08,Customer_69,East
ORD0252,Laptop,Electronics,9,1154.93,10394.37,2023-09-02,Customer_72,West
ORD0253,Laptop,Electronics,6,682.44,4094.64,2023-12-31,Customer_88,North
ORD0254,Keyboard,Accessories,2,1092.7,2185.4,2023-10-24,Customer_55,East
ORD0255,Keyboard,Accessories,2,1144.48,2288.96,2023-12-17,Customer_82,North
ORD0256,Smartphone,Electronics,9,915.67,8241.03,2023-10-26,Customer_50,East
ORD0257,Mouse,Accessories,5,662.87,3314.35,2023-01-23,Customer_52,West
ORD0258,Laptop,Electronics,9,775.74,6981.66,2023-12-01,Customer_17,North
ORD0259,Mouse,Accessories,2,721.84,1443.68,2023-06-12,Customer_98,South
ORD0260,Smartphone,Electronics,2,560.53,1121.06,2023-08-11,Customer_52,West
ORD0261,Laptop,Electronics,5,785.5,3927.5,2023-10-27,Customer_81,North
ORD0262,Keyboard,Accessories,1,606.53,606.53,2023-02-24,Customer_91,North
ORD0263,Mouse,Accessories,1,317.49,317.49,2023-01-15,Customer_82,North
ORD0264,Keyboard,Accessories,2,607.0,1214.0,2023-06-09,Customer_46,West
ORD0265,Tablet,Electronics,7,229.27,1604.89,2023-06-14,Customer_25,East
ORD0266,Laptop,Electronics,10,467.32,4673.2,2023-08-24,Customer_74,North
ORD0267,Mouse,Accessories,8,942.34,7538.72,2023-06-19,Customer_53,West
ORD0268,Keyboard,Accessories,8,469.68,3757.44,2023-05-15,Customer_49,West
ORD0269,Smartphone,Electronics,4,109.85,439.4,2023-05-18,Customer_58,East
ORD0270,Laptop,Electronics,8,1181.86,9454.88,2023-09-22,Customer_76,West
ORD0271,Headphones,Accessories,6,768.47,4610.82,2023-03-12,Customer_71,South
ORD0272,Tablet,Electronics,9,1453.53,13081.77,2023-08-14,Customer_68,East
ORD0273,Headphones,Accessories,1,149.02,149.02,2023-03-04,Customer_92,South
ORD0274,Laptop,Electronics,9,1179.44,10614.96,2023-04-26,Customer_70,North
ORD0275,Monitor,Electronics,5,1411.67,7058.35,2023-11-03,Customer_44,West
ORD0276,Headphones,Accessories,2,1188.66,2377.32,2023-04-03,Customer_44,South
ORD0277,Laptop,Electronics,5,670.79,3353.95,2023-10-14,Customer_54,West
ORD0278,Laptop,Electronics,10,1385.68,13856.8,2023-05-30,Customer_33,East
ORD0279,Keyboard,Accessories,6,998.8,5992.8,2023-10-24,Customer_35,South
ORD0280,Keyboard,Accessories,4,1495.37,5981.48,2023-01-06,Customer_68,East
ORD0281,Headphones,Accessories,4,503.93,2015.72,2023-12-29,Customer_85,West
ORD0282,Monitor,Electronics,4,905.84,3623.36,2023-11-13,Customer_71,North
ORD0283,Smartphone,Electronics,5,14.17,70.85,2023-10-28,Customer_20,West
ORD0284,Keyboard,Accessories,5,325.88,1629.4,2023-10-04,Customer_53,North
ORD0285,Keyboard,Accessories,3,47.54,142.62,2023-03-26,Customer_55,West
ORD0286,Tablet,Electronics,3,1466.67,4400.01,2023-03-17,Customer_100,South
ORD0287,Headphones,Accessories,10,266.85,2668.5,2023-04-22,Customer_19,East
ORD0288,Keyboard,Accessories,6,877.92,5267.52,2023-09-07,Customer_77,East
ORD0289,Headphones,Accessories,9,579.86,5218.74,2023-06-07,Customer_34,North
ORD0290,Headphones,Accessories,4,897.8,3591.2,2023-10-19,Customer_30,South
ORD0291,Smartphone,Electronics,2,73.26,146.52,2023-10-30,Customer_24,South
ORD0292,Headphones,Accessories,3,1342.53,4027.59,2023-04-20,Customer_25,North
ORD0293,Headphones,Accessories,6,80.51,483.06,2023-11-27,Customer_47,South
ORD0294,Keyboard,Accessories,2,1111.84,2223.68,2023-02-24,Customer_39,East
ORD0295,Keyboard,Accessories,6,232.45,1394.7,2023-09-04,Customer_1,East
ORD0296,Monitor,Electronics,10,488.24,4882.4,2023-06-07,Customer_23,West
ORD0297,Laptop,Electronics,6,1257.68,7546.08,2023-11-23,Customer_2,East
ORD0298,Headphones,Accessories,1,1114.33,1114.33,2023-11-10,Customer_74,East
ORD0299,Smartphone,Electronics,8,1367.06,10936.48,2023-12-18,Customer_26,West
ORD0300,Tablet,Electronics,7,1299.72,9098.04,2023-06-19,Customer_88,West
ORD0301,Mouse,Accessories,5,325.84,1629.2,2023-07-06,Customer_52,East
ORD0302,Headphones,Accessories,7,19.62,137.34,2023-06-20,Customer_74,South
ORD0303,Monitor,Electronics,6,885.47,5312.82,2023-11-15,Customer_51,North
ORD0304,Smartphone,Electronics,9,808.05,7272.45,2023-05-25,Customer_40,East
ORD0305,Smartphone,Electronics,4,666.08,2664.32,2023-02-16,Customer_37,North
ORD0306,Mouse,Accessories,7,750.5,5253.5,2023-06-22,Customer_36,West
ORD0307,Headphones,Accessories,10,985.53,9855.3,2023-02-22,Customer_11,East
ORD0308,Keyboard,Accessories,7,645.98,4521.86,2023-12-05,Customer_35,South
ORD0309,Mouse,Accessories,4,1153.33,4613.32,2023-10-26,Customer_80,South
ORD0310,Tablet,Electronics,1,955.94,955.94,2023-10-24,Customer_54,East
ORD0311,Mouse,Accessories,10,242.99,2429.9,2023-07-05,Customer_87,South
ORD0312,Smartphone,Electronics,1,282.47,282.47,2023-10-17,Customer_73,East
ORD0313,Keyboard,Accessories,5,1431.66,7158.3,2023-09-06,Customer_94,East
ORD0314,Headphones,Accessories,7,534.94,3744.58,2023-12-23,Customer_21,West
ORD0315,Keyboard,Accessories,6,207.71,1246.26,2023-01-17,Customer_30,North
ORD0316,Tablet,Electronics,8,1453.86,11630.88,2023-01-15,Customer_99,North
ORD0317,Mouse,Accessories,3,322.49,967.47,2023-05-11,Customer_52,East
ORD0318,Keyboard,Accessories,9,869.48,7825.32,2023-10-10,Customer_15,South
ORD0319,Smartphone,Electronics,5,1187.72,5938.6,2023-01-14,Customer_52,West
ORD0320,Monitor,Electronics,9,571.26,5141.34,2023-07-28,Customer_44,West
ORD0321,Smartphone,Electronics,6,1174.76,7048.56,2023-03-01,Customer_2,North
ORD0322,Headphones,Accessories,10,677.62,6776.2,2023-04-15,Customer_47,North
ORD0323,Smartphone,Electronics,4,631.28,2525.12,2023-11-28,Customer_75,East
ORD0324,Monitor,Electronics,4,1091.24,4364.96,2023-06-04,Customer_9,West
ORD0325,Keyboard,Accessories,1,751.28,751.28,2023-08-10,Customer_27,East
ORD0326,Keyboard,Accessories,10,305.14,3051.4,2023-08-28,Customer_51,South
ORD0327,Mouse,Accessories,7,1427.26,9990.82,2023-09-12,Customer_89,East
ORD0328,Laptop,Electronics,10,1028.29,10282.9,2023-04-05,Customer_50,East
ORD0329,Laptop,Electronics,10,611.02,6110.2,2023-02-15,Customer_36,West
ORD0330,Keyboard,Accessories,10,745.45,7454.5,2023-04-19,Customer_27,South
ORD0331,Laptop,Electronics,10,1129.51,11295.1,2023-02-08,Customer_79,South
ORD0332,Tablet,Electronics,9,728.57,6557.13,2023-01-13,Customer_4,South
ORD0333,Mouse,Accessories,2,298.1,596.2,2023-10-31,Customer_93,North
ORD0334,Keyboard,Accessories,9,540.54,4864.86,2023-09-29,Customer_62,East
ORD0335,Laptop,Electronics,4,424.91,1699.64,2023-10-26,Customer_76,South
ORD0336,Laptop,Electronics,9,552.73,4974.57,2023-07-12,Customer_33,East
ORD0337,Keyboard,Accessories,5,1391.9,6959.5,2023-06-05,Customer_54,West
ORD0338,Smartphone,Electronics,2,981.06,1962.12,2023-06-10,Customer_32,South
ORD0339,Keyboard,Accessories,8,386.78,3094.24,2023-01-15,Customer_25,North
ORD0340,Monitor,Electronics,5,946.12,4730.6,2023-11-03,Customer_88,South
ORD0341,Headphones,Accessories,2,550.9,1101.8,2023-08-25,Customer_19,North
ORD0342,Tablet,Electronics,8,1133.38,9067.04,2023-01-15,Customer_31,East
ORD0343,Headphones,Accessories,6,979.46,5876.76,2023-05-29,Customer_25,East
ORD0344,Keyboard,Accessories,1,1279.64,1279.64,2023-09-08,Customer_65,South
ORD0345,Monitor,Electronics,3,116.85,350.55,2023-09-08,Customer_24,West
ORD0346,Smartphone,Electronics,7,301.37,2109.59,2023-07-16,Customer_29,West
ORD0347,Mouse,Accessories,4,1341.85,5367.4,2023-02-25,Customer_97,South
ORD0348,Smartphone,Electronics,5,613.08,3065.4,2023-09-28,Customer_100,North
ORD0349,Smartphone,Electronics,8,18.34,146.72,2023-02-02,Customer_40,South
ORD0350,Monitor,Electronics,6,97.69,586.14,2023-04-28,Customer_57,East
ORD0351,Laptop,Electronics,10,806.88,8068.8,2023-09-28,Customer_36,West
ORD0352,Laptop,Electronics,2,1043.02,2086.04,2023-08-06,Customer_73,North
ORD0353,Headphones,Accessories,2,814.58,1629.16,2023-03-20,Customer_34,East
ORD0354,Smartphone,Electronics,10,1186.42,11864.2,2023-03-21,Customer_66,North
ORD0355,Headphones,Accessories,3,560.52,1681.56,2023-12-09,Customer_28,South
ORD0356,Headphones,Accessories,10,530.41,5304.1,2023-10-31,Customer_79,West
ORD0357,Mouse,Accessories,2,1217.62,2435.24,2023-11-21,Customer_52,East
ORD0358,Tablet,Electronics,9,1034.71,9312.39,2023-08-03,Customer_27,South
ORD0359,Keyboard,Accessories,3,1479.01,4437.03,2023-04-17,Customer_76,West
ORD0360,Laptop,Electronics,3,916.68,2750.04,2023-03-18,Customer_24,North
ORD0361,Tablet,Electronics,9,904.88,8143.92,2023-08-29,Customer_57,North
ORD0362,Smartphone,Electronics,10,1271.23,12712.3,2023-01-23,Customer_35,East
ORD0363,Keyboard,Accessories,8,943.84,7550.72,2023-12-26,Customer_78,North
ORD0364,Monitor,Electronics,8,673.74,5389.92,2023-02-02,Customer_1,East
ORD0365,Laptop,Electronics,4,1045.33,4181.32,2023-07-05,Customer_20,South
ORD0366,Headphones,Accessories,3,882.47,2647.41,2023-10-01,Customer_79,North
ORD0367,Laptop,Electronics,6,1273.83,7642.98,2023-03-07,Customer_22,South
ORD0368,Tablet,Electronics,1,881.04,881.04,2023-01-29,Customer_93,North
ORD0369,Keyboard,Accessories,6,1380.24,8281.44,2023-08-21,Customer_7,West
ORD0370,Tablet,Electronics,9,229.13,2062.17,2023-12-10,Customer_7,East
ORD0371,Monitor,Electronics,3,576.22,1728.66,2023-06-11,Customer_100,West
ORD0372,Keyboard,Accessories,5,324.6,1623.0,2023-01-13,Customer_52,West
ORD0373,Tablet,Electronics,8,681.49,5451.92,2023-12-26,Customer_45,South
ORD0374,Tablet,Electronics,4,579.58,2318.32,2023-08-12,Customer_10,West
ORD0375,Mouse,Accessories,9,327.03,2943.27,2023-07-01,Customer_75,West
ORD0376,Mouse,Accessories,8,741.21,5929.68,2023-04-24,Customer_63,South
ORD0377,Tablet,Electronics,5,648.92,3244.6,2023-03-12,Customer_70,West
ORD0378,Mouse,Accessories,7,1043.89,7307.23,2023-02-25,Customer_61,East
ORD0379,Monitor,Electronics,6,196.25,1177.5,2023-10-06,Customer_77,South
ORD0380,Smartphone,Electronics,1,884.94,884.94,2023-02-20,Customer_91,North
ORD0381,Smartphone,Electronics,4,1155.21,4620.84,2023-10-09,Customer_95,West
ORD0382,Tablet,Electronics,9,938.38,8445.42,2023-09-14,Customer_28,South
ORD0383,Keyboard,Accessories,9,428.72,3858.48,2023-10-15,Customer_43,North
ORD0384,Keyboard,Accessories,10,547.08,5470.8,2023-11-08,Customer_64,West
ORD0385,Keyboard,Accessories,5,18.09,90.45,2023-05-05,Customer_76,North
ORD0386,Tablet,Electronics,6,545.17,3271.02,2023-05-15,Customer_89,North
ORD0387,Laptop,Electronics,1,994.26,994.26,2023-08-17,Customer_35,South
ORD0388,Laptop,Electronics,1,310.56,310.56,2023-01-31,Customer_51,West
ORD0389,Mouse,Accessories,9,352.0,3168.0,2023-12-10,Customer_47,North
ORD0390,Monitor,Electronics,1,587.81,587.81,2023-07-25,Customer_5,East
ORD0391,Headphones,Accessories,9,907.59,8168.31,2023-02-10,Customer_70,South
ORD0392,Monitor,Electronics,7,851.59,5961.13,2023-02-07,Customer_48,West
ORD0393,Keyboard,Accessories,10,1097.15,10971.5,2023-02-15,Customer_23,East
ORD0394,Tablet,Electronics,1,1482.78,1482.78,2023-04-29,Customer_5,South
ORD0395,Headphones,Accessories,1,246.76,246.76,2023-11-23,Customer_85,West
ORD0396,Mouse,Accessories,9,900.35,8103.15,2023-01-12,Customer_68,South
ORD0397,Mouse,Accessories,1,1237.16,1237.16,2023-09-07,Customer_32,South
ORD0398,Headphones,Accessories,5,559.34,2796.7,2023-10-05,Customer_97,North
ORD0399,Keyboard,Accessories,8,1231.33,9850.64,2023-07-10,Customer_36,East
ORD0400,Smartphone,Electronics,8,1432.18,11457.44,2023-01-14,Customer_68,North
ORD0401,Mouse,Accessories,7,355.07,2485.49,2023-09-28,Customer_32,East
ORD0402,Mouse,Accessories,6,667.07,4002.42,2023-05-25,Customer_62,East
ORD0403,Keyboard,Accessories,5,1127.8,5639.0,2023-09-29,Customer_61,North
ORD0404,Monitor,Electronics,5,1199.79,5998.95,2023-06-01,Customer_5,South
ORD0405,Tablet,Electronics,10,88.91,889.1,2023-11-30,Customer_58,East
ORD0406,Keyboard,Accessories,3,694.94,2084.82,2023-10-26,Customer_38,South
ORD0407,Laptop,Electronics,3,1262.53,3787.59,2023-12-13,Customer_67,East
ORD0408,Tablet,Electronics,9,711.85,6406.65,2023-01-14,Customer_37,South
ORD0409,Smartphone,Electronics,10,85.21,852.1,2023-09-22,Customer_43,West
ORD0410,Monitor,Electronics,2,1063.94,2127.88,2023-10-29,Customer_25,West
ORD0411,Smartphone,Electronics,3,471.09,1413.27,2023-02-13,Customer_20,North
ORD0412,Monitor,Electronics,3,255.69,767.07,2023-06-07,Customer_70,North
ORD0413,Mouse,Accessories,7,1156.81,8097.67,2023-12-02,Customer_59,North
ORD0414,Laptop,Electronics,10,164.99,1649.9,2023-07-11,Customer_31,West
ORD0415,Smartphone,Electronics,8,1309.48,10475.84,2023-10-19,Customer_72,South
ORD0416,Monitor,Electronics,10,848.36,8483.6,2023-06-05,Customer_40,North
ORD0417,Monitor,Electronics,9,619.03,5571.27,2023-07-10,Customer_91,North
ORD0418,Headphones,Accessories,6,67.99,407.94,2023-10-14,Customer_72,West
ORD0419,Mouse,Accessories,10,1468.01,14680.1,2023-02-21,Customer_38,West
ORD0420,Monitor,Electronics,4,120.4,481.6,2023-02-03,Customer_89,North
ORD0421,Laptop,Electronics,1,835.94,835.94,2023-11-23,Customer_56,East
ORD0422,Laptop,Electronics,4,1011.15,4044.6,2023-12-13,Customer_76,North
ORD0423,Headphones,Accessories,9,1404.97,12644.73,2023-08-18,Customer_83,South
ORD0424,Monitor,Electronics,8,1271.56,10172.48,2023-04-16,Customer_1,South
ORD0425,Laptop,Electronics,9,711.25,6401.25,2023-09-21,Customer_80,East
ORD0426,Monitor,Electronics,3,671.61,2014.83,2023-03-06,Customer_38,South
ORD0427,Tablet,Electronics,6,943.05,5658.3,2023-10-04,Customer_23,North
ORD0428,Laptop,Electronics,3,106.46,319.38,2023-01-22,Customer_60,North
ORD0429,Tablet,Electronics,4,777.3,3109.2,2023-03-04,Customer_52,North
ORD0430,Headphones,Accessories,1,564.71,564.71,2023-01-20,Customer_69,North
ORD0431,Mouse,Accessories,5,400.0,2000.0,2023-04-20,Customer_89,North
ORD0432,Monitor,Electronics,6,1407.82,8446.92,2023-10-21,Customer_1,South
ORD0433,Keyboard,Accessories,10,366.03,3660.3,2023-09-05,Customer_11,West
ORD0434,Monitor,Electronics,10,330.57,3305.7,2023-01-05,Customer_66,North
ORD0435,Tablet,Electronics,8,441.5,3532.0,2023-09-06,Customer_16,East
ORD0436,Laptop,Electronics,10,610.71,6107.1,2023-03-29,Customer_27,East
ORD0437,Smartphone,Electronics,9,546.24,4916.16,2023-04-26,Customer_63,East
ORD0438,Smartphone,Electronics,9,427.23,3845.07,2023-06-16,Customer_74,East
ORD0439,Mouse,Accessories,10,958.89,9588.9,2023-02-24,Customer_69,West
ORD0440,Tablet,Electronics,2,1332.88,2665.76,2023-01-24,Customer_89,South
ORD0441,Mouse,Accessories,6,1325.87,7955.22,2023-10-28,Customer_80,North
ORD0442,Monitor,Electronics,9,394.09,3546.81,2023-08-12,Customer_53,West
ORD0443,Headphones,Accessories,9,1352.24,12170.16,2023-01-21,Customer_3,West
ORD0444,Keyboard,Accessories,5,347.11,1735.55,2023-09-06,Customer_65,South
ORD0445,Monitor,Electronics,1,1199.0,1199.0,2023-03-17,Customer_89,West
ORD0446,Tablet,Electronics,10,1254.0,12540.0,2023-01-17,Customer_37,West
ORD0447,Mouse,Accessories,10,1173.33,11733.3,2023-11-17,Customer_86,North
ORD0448,Monitor,Electronics,1,493.77,493.77,2023-10-24,Customer_84,West
ORD0449,Headphones,Accessories,3,1007.6,3022.8,2023-03-24,Customer_91,West
ORD0450,Tablet,Electronics,9,123.3,1109.7,2023-09-08,Customer_67,North
ORD0451,Monitor,Electronics,9,801.52,7213.68,2023-05-01,Customer_29,West
ORD0452,Smartphone,Electronics,7,980.56,6863.92,2023-08-13,Customer_29,East
ORD0453,Headphones,Accessories,7,591.99,4143.93,2023-01-01,Customer_76,East
ORD0454,Laptop,Electronics,10,1061.4,10614.0,2023-11-08,Customer_6,East
ORD0455,Monitor,Electronics,4,1242.83,4971.32,2023-11-12,Customer_21,West
ORD0456,Monitor,Electronics,4,1357.61,5430.44,2023-07-30,Customer_87,West
ORD0457,Keyboard,Accessories,8,451.82,3614.56,2023-01-09,Customer_82,East
ORD0458,Tablet,Electronics,9,755.8,6802.2,2023-07-07,Customer_24,South
ORD0459,Laptop,Electronics,3,1488.92,4466.76,2023-04-14,Customer_46,West
ORD0460,Keyboard,Accessories,4,1010.78,4043.12,2023-12-05,Customer_61,West
ORD0461,Laptop,Electronics,8,813.17,6505.36,2023-08-11,Customer_60,West
ORD0462,Laptop,Electronics,7,621.45,4350.15,2023-03-09,Customer_47,East
ORD0463,Tablet,Electronics,4,16.79,67.16,2023-07-03,Customer_16,West
ORD0464,Laptop,Electronics,2,1424.27,2848.54,2023-09-25,Customer_83,West
ORD0465,Laptop,Electronics,3,762.4,2287.2,2023-06-26,Customer_49,North
ORD0466,Tablet,Electronics,8,788.75,6310.0,2023-02-21,Customer_99,East
ORD0467,Laptop,Electronics,2,947.36,1894.72,2023-02-05,Customer_68,West
ORD0468,Headphones,Accessories,10,771.45,7714.5,2023-05-06,Customer_73,North
ORD0469,Laptop,Electronics,6,1031.16,6186.96,2023-12-03,Customer_61,North
ORD0470,Monitor,Electronics,3,385.75,1157.25,2023-02-08,Customer_56,South
ORD0471,Laptop,Electronics,9,583.36,5250.24,2023-04-08,Customer_90,West
ORD0472,Laptop,Electronics,7,1201.42,8409.94,2023-04-22,Customer_46,East
ORD0473,Headphones,Accessories,10,1244.48,12444.8,2023-06-06,Customer_66,East
ORD0474,Keyboard,Accessories,4,1081.1,4324.4,2023-01-04,Customer_74,North
ORD0475,Keyboard,Accessories,5,495.11,2475.55,2023-04-23,Customer_32,East
ORD0476,Tablet,Electronics,9,349.33,3143.97,2023-09-26,Customer_65,West
ORD0477,Tablet,Electronics,5,1057.3,5286.5,2023-08-19,Customer_11,South
ORD0478,Smartphone,Electronics,9,1182.34,10641.06,2023-04-20,Customer_60,South
ORD0479,Tablet,Electronics,7,1499.93,10499.51,2023-04-30,Customer_67,South
ORD0480,Laptop,Electronics,3,684.41,2053.23,2023-09-23,Customer_21,West
ORD0481,Keyboard,Accessories,5,106.23,531.15,2023-12-25,Customer_27,East
ORD0482,Tablet,Electronics,10,200.82,2008.2,2023-12-04,Customer_22,South
ORD0483,Smartphone,Electronics,1,805.08,805.08,2023-02-06,Customer_100,West
ORD0484,Headphones,Accessories,10,177.48,1774.8,2023-12-22,Customer_82,North
ORD0485,Smartphone,Electronics,8,1128.55,9028.4,2023-03-10,Customer_97,North
ORD0486,Mouse,Accessories,1,1180.18,1180.18,2023-07-25,Customer_48,North
ORD0487,Mouse,Accessories,9,1007.63,9068.67,2023-05-25,Customer_25,East
ORD0488,Tablet,Electronics,1,1244.29,1244.29,2023-07-31,Customer_95,West
ORD0489,Headphones,Accessories,4,795.08,3180.32,2023-03-29,Customer_26,North
ORD0490,Tablet,Electronics,5,1230.66,6153.3,2023-08-04,Customer_71,North
ORD0491,Keyboard,Accessories,3,926.03,2778.09,2023-03-03,Customer_21,South
ORD0492,Mouse,Accessories,2,669.78,1339.56,2023-08-16,Customer_70,North
ORD0493,Tablet,Electronics,3,1052.33,3156.99,2023-02-14,Customer_19,West
ORD0494,Smartphone,Electronics,5,1183.43,5917.15,2023-10-21,Customer_91,North
ORD0495,Headphones,Accessories,7,329.19,2304.33,2023-03-12,Customer_85,East
ORD0496,Tablet,Electronics,5,254.82,1274.1,2023-01-19,Customer_15,East
ORD0497,Monitor,Electronics,8,813.51,6508.08,2023-10-18,Customer_9,North
ORD0498,Headphones,Accessories,6,153.6,921.6,2023-12-05,Customer_60,South
ORD0499,Laptop,Electronics,7,1232.07,8624.49,2023-09-19,Customer_56,North
ORD0500,Smartphone,Electronics,5,71.06,355.3,2023-05-26,Customer_76,East
